temperature,training_fold,llm_type,aug_count,classifier,eval_loss,eval_accuracy,eval_f1,eval_precision,eval_recall,eval_auc,eval_runtime,eval_samples_per_second,eval_steps_per_second,epoch
0.9,1,huggyllama/llama-7b,0,roberta,1.4458034038543701,0.782608695652174,0.6428571428571428,0.5294117647058824,0.8181818181818182,0.8545454545454546,0.665,69.175,9.023,13.24
0.9,1,huggyllama/llama-7b,0,xlnet,1.2375940084457397,0.7608695652173914,0.0,0.0,0.0,0.8623376623376624,1.5402,29.866,3.896,10.0
0.9,1,huggyllama/llama-7b,0,distilbert,0.4627975821495056,0.7391304347826086,0.5384615384615385,0.4666666666666667,0.6363636363636364,0.8285714285714285,0.5192,88.594,11.556,9.71
0.9,1,huggyllama/llama-30b,0,roberta,1.9404712915420532,0.6739130434782609,0.5945945945945945,0.4230769230769231,1.0,0.8857142857142857,0.7281,63.181,8.241,10.88
0.9,1,huggyllama/llama-30b,0,xlnet,1.8655484914779663,0.782608695652174,0.5,0.5555555555555556,0.45454545454545453,0.8493506493506493,1.5376,29.918,3.902,18.24
0.9,1,huggyllama/llama-30b,0,distilbert,0.44443807005882263,0.7608695652173914,0.6451612903225806,0.5,0.9090909090909091,0.877922077922078,0.5402,85.156,11.107,9.71
0.9,1,Aeala/VicUnlocked-alpaca-30b,0,roberta,1.635578989982605,0.5652173913043478,0.5238095238095238,0.3548387096774194,1.0,0.8675324675324676,0.759,60.607,7.905,10.88
0.9,1,Aeala/VicUnlocked-alpaca-30b,0,xlnet,1.2655861377716064,0.5434782608695652,0.5116279069767442,0.34375,1.0,0.8077922077922077,1.5586,29.514,3.85,11.18
0.9,1,Aeala/VicUnlocked-alpaca-30b,0,distilbert,1.2396583557128906,0.7608695652173914,0.47619047619047616,0.5,0.45454545454545453,0.8415584415584416,0.5645,81.483,10.628,14.12
